sub,title,score,url,author,rank
zwift,Just did my first race and came 5th!!!! ðŸ’ªðŸ’ªðŸ’ª,254,https://i.redd.it/cmz51d9m0rke1.jpeg,reckonair,5
AdvancedRunning,NY Times: Is Zone 2 the magic effort level for exercise?,164,https://www.reddit.com/r/AdvancedRunning/comments/1iutebp/ny_times_is_zone_2_the_magic_effort_level_for/,MechanicalTim,5
triathlon,Is 18 years enough to train for an Ironman?,359,https://www.reddit.com/r/triathlon/comments/1ixa3pd/is_18_years_enough_to_train_for_an_ironman/,littleshredz,5
garmin,"Ran my first half marathon today, fully garmin trained!",1809,https://www.reddit.com/gallery/1ivnhlo,varietyman13,5
ironmantriathlon,How to keep swimming fitness without swimming for 3 weeks?,7,https://www.reddit.com/r/IronmanTriathlon/comments/1iweyo4/how_to_keep_swimming_fitness_without_swimming_for/,websockete,5
ironmantriathlon,Long Run distance/time for full Ironman training,6,https://www.reddit.com/r/IronmanTriathlon/comments/1iy5nnk/long_run_distancetime_for_full_ironman_training/,Impossible-Risk-6984,4
zwift,First sub-50!!,252,https://i.redd.it/djwlzyx1klke1.png,kendalltristan,4
AdvancedRunning,Maurten Drink Mix DIY,142,https://www.reddit.com/r/AdvancedRunning/comments/1ivlm62/maurten_drink_mix_diy/,jsattler_,4
triathlon,A friend is going to attempt this all at once. Is this even possible?,297,https://www.reddit.com/gallery/1ixy9vz,TheDillestPickle2000,4
garmin,I coded IoT controller app for my Garmin.,1717,https://v.redd.it/a17gfnxfyale1,jakubweg,4
zwift,First race win ðŸ¥³ðŸ¥³,204,https://www.reddit.com/gallery/1iyjtiv,Matts_3584,3
triathlon,I showed up to the Y to flex on the aqua aerobics class but it was empty,210,https://i.redd.it/bsabh39fnile1.jpeg,welcome_2_earth,3
ironmantriathlon,Solo Open Water Swimming,4,https://www.reddit.com/r/IronmanTriathlon/comments/1iy2g9u/solo_open_water_swimming/,Toddlee2455,3
garmin,"I managed to ""fix my sleep"". Getting above 90 regularly, and 100 today!",1600,https://www.reddit.com/gallery/1iup7te,michalf,3
AdvancedRunning,Marathoner tries an ultra - report and observations!,119,https://www.reddit.com/r/AdvancedRunning/comments/1iwq2ib/marathoner_tries_an_ultra_report_and_observations/,Acceptable_Tie_6893,3
AdvancedRunning,Vent: Got injured with 3 weeks left until race. Feeling devastated.,110,https://www.reddit.com/r/AdvancedRunning/comments/1ivxct0/vent_got_injured_with_3_weeks_left_until_race/,Carapherneliuh,2
ironmantriathlon,Which bike should I train and compete on?,4,https://www.reddit.com/gallery/1iz0fdb,natesiq,2
triathlon,"It's cold outside, so I'm making graphics instead of training",145,https://i.redd.it/c224k7iqg3le1.png,Nizidramaniiyt,2
garmin,I hit day 2000 of my steps streak today,1060,https://i.redd.it/4ze42ry3ujke1.jpeg,sterobson,2
zwift,FTP increase detected after FRR Stage 1 iTT,192,https://www.reddit.com/gallery/1iuh8bg,Quirky-Banana-6787,2
triathlon,My first Tri - almost 0 training and pretty sedentary for the last 2-3 years. Almost 37!,108,https://i.redd.it/v9v2gapoyrke1.jpeg,amccon4,1
ironmantriathlon,2 Month Half Ironman Training,3,https://www.reddit.com/r/IronmanTriathlon/comments/1ixjpqf/2_month_half_ironman_training/,ReturnoftheSWAC,1
zwift,Alpe du Zwift - 2 hours and 20 minutes,149,https://www.reddit.com/r/Zwift/comments/1iua9sk/alpe_du_zwift_2_hours_and_20_minutes/,Necronorris,1
garmin,Is this too big for my wrist? Instinct 2 45mm,1028,https://i.redd.it/pt4i2pjaikle1.jpeg,SantaSurf,1
AdvancedRunning,Pfitz - why so many VO2max workouts?,104,https://www.reddit.com/r/AdvancedRunning/comments/1iyydu4/pfitz_why_so_many_vo2max_workouts/,corporate_dirtbag,1
