sub,title,score,url,author,published,rank
zwift,Beat my fastest time by 3:50 and finally got the sub 60:00 on ADZ. Gave it everything I had at the end.,289,https://i.redd.it/d28nwkd2zame1.jpeg,SantaCruzinNotLosin,2025-03-02 16:26:49,5
AdvancedRunning,Austin Marathon Race Report,166,https://www.reddit.com/r/AdvancedRunning/comments/1iztdiq/austin_marathon_race_report/,Mememastertrev,2025-02-27 23:12:45,5
triathlon,Boy Scouts has added a multi-sport merit badge,788,https://i.redd.it/85sdv57d1wle1.jpeg,Piersontheraven,2025-02-28 14:13:00,5
garmin,Is this too big for my wrist? Instinct 2 45mm,1856,https://i.redd.it/pt4i2pjaikle1.jpeg,SantaSurf,2025-02-26 23:26:29,5
ironmantriathlon,What things are worth the investment and what aren't?,12,https://www.reddit.com/r/IronmanTriathlon/comments/1j2484k/what_things_are_worth_the_investment_and_what/,PositiveCalendar2496,2025-03-02 23:05:51,5
ironmantriathlon,Most important gym exercises?,9,https://www.reddit.com/r/IronmanTriathlon/comments/1j16ev4/most_important_gym_exercises/,Different-Painter200,2025-03-01 18:38:43,4
zwift,"Is there a worse atmosphere out there? Let me see it. Also, can I store my bike like this?",252,https://www.reddit.com/gallery/1izgui4,Emotional_Lab7407,2025-02-27 14:20:24,4
AdvancedRunning,Pfitz - why so many VO2max workouts?,115,https://www.reddit.com/r/AdvancedRunning/comments/1iyydu4/pfitz_why_so_many_vo2max_workouts/,corporate_dirtbag,2025-02-26 21:10:06,4
triathlon,Is 18 years enough to train for an Ironman?,377,https://www.reddit.com/r/triathlon/comments/1ixa3pd/is_18_years_enough_to_train_for_an_ironman/,littleshredz,2025-02-24 19:09:38,4
garmin,I coded IoT controller app for my Garmin.,1797,https://v.redd.it/a17gfnxfyale1,jakubweg,2025-02-25 15:19:33,4
zwift,The Uber Pretzel - done ‚úîÔ∏è,224,https://i.redd.it/6fqjahdj0wle1.jpeg,Humble-Daikon-7823,2025-02-28 14:08:22,3
triathlon,A friend is going to attempt this all at once. Is this even possible?,329,https://www.reddit.com/gallery/1ixy9vz,TheDillestPickle2000,2025-02-25 15:56:24,3
ironmantriathlon,Solo Open Water Swimming,6,https://www.reddit.com/r/IronmanTriathlon/comments/1iy2g9u/solo_open_water_swimming/,Toddlee2455,2025-02-25 18:46:31,3
garmin,No proper morning report today. Instead I got this:,1425,https://i.redd.it/7gsgcrinz4me1.jpeg,caipirina,2025-03-01 20:19:28,3
AdvancedRunning,Message from Sydney Marathon Race Director - Brimin Kipkorir suspended from competition due to failing a drugs test,93,https://www.reddit.com/r/AdvancedRunning/comments/1ixhq08/message_from_sydney_marathon_race_director_brimin/,Camsy34,2025-02-25 00:26:54,3
AdvancedRunning,Why Don‚Äôt Elite Runners Use Low-Impact Cross-Training to Increase Weekly Aerobic Volume?,90,https://www.reddit.com/r/AdvancedRunning/comments/1iynu3u/why_dont_elite_runners_use_lowimpact/,Glittering_Variation,2025-02-26 13:44:58,2
ironmantriathlon,Which bike should I train and compete on?,4,https://www.reddit.com/gallery/1iz0fdb,natesiq,2025-02-26 22:36:59,2
triathlon,Legal?,276,https://v.redd.it/v5t9vfsg01me1,mcdaddyfm,2025-03-01 12:33:24,2
garmin,According to my Garmin I ski every day but I don‚Äôt,1308,https://i.redd.it/3w3mj0185kle1.jpeg,kt1kk,2025-02-26 22:13:16,2
zwift,First race win ü•≥ü•≥,222,https://www.reddit.com/gallery/1iyjtiv,Matts_3584,2025-02-26 09:37:16,2
triathlon,NBD!,253,https://i.redd.it/r52697mzwrle1.jpeg,chombie_13,2025-02-28 00:21:21,1
ironmantriathlon,How do I improve my aerobic pace?,4,https://i.redd.it/qhzrlz75uwle1.jpeg,CollectionSeparate28,2025-02-28 16:54:18,1
zwift,"Not always in the mood, but I did my best",179,https://i.redd.it/cqp41upu4ame1.png,BenzDaimler,2025-03-02 13:37:29,1
garmin,Sorry to post an annoying Vo2 post‚Ä¶but I‚Äôm finally out of Poor after 6+ months!!!,964,https://www.reddit.com/gallery/1ixek0s,tabbymeowmeow,2025-02-24 22:09:37,1
AdvancedRunning,After two years of work I have just released a mini-guide on preventing gut issues where I go through each issue and link directly to an objective and growing list of fuel options (endurance fuel database) that answer that specific query,83,https://www.reddit.com/r/AdvancedRunning/comments/1j1pxm1/after_two_years_of_work_i_have_just_released_a/,effortDee,2025-03-02 12:38:18,1
